Year,Month,Anomaly,Unc.
1850,1,-0.736,0.389
1850,2,-0.202,0.526
1850,3,-0.363,0.333
1850,4,-0.589,0.334
1850,5,-0.614,0.217
1850,6,-0.335,0.281
1850,7,-0.157,0.232
1850,8,-0.148,0.306
1850,9,-0.415,0.229
1850,10,-0.583,0.268
1850,11,-0.554,0.376
1850,12,-0.462,0.348
1851,1,-0.144,0.36
1851,2,-0.398,0.391
1851,3,-0.553,0.288
1851,4,-0.618,0.315
1851,5,-0.32,0.324
1851,6,-0.242,0.242
1851,7,-0.202,0.193
1851,8,-0.295,0.228
1851,9,-0.38,0.254
1851,10,-0.138,0.344
1851,11,-0.358,0.304
1851,12,-0.121,0.323
1852,1,-0.226,0.497
1852,2,-0.5,0.422
1852,3,-0.751,0.349
1852,4,-0.515,0.326
1852,5,-0.141,0.317
1852,6,-0.103,0.237
1852,7,-0.025,0.194
1852,8,-0.338,0.256
1852,9,-0.296,0.224
1852,10,-0.157,0.263
1852,11,-0.52,0.322
1852,12,0.108,0.338
1853,1,-0.324,0.491
1853,2,-0.347,0.306
1853,3,-0.39,0.292
1853,4,-0.266,0.304
1853,5,-0.259,0.298
1853,6,-0.164,0.292
1853,7,0.047,0.234
1853,8,-0.046,0.224
1853,9,-0.394,0.221
1853,10,-0.465,0.296
1853,11,-0.633,0.329
1853,12,-0.3,0.299
1854,1,-0.531,0.354
1854,2,-0.578,0.326
1854,3,-0.27,0.281
1854,4,-0.396,0.292
1854,5,-0.279,0.219
1854,6,-0.46,0.257
1854,7,-0.171,0.197
1854,8,-0.189,0.221
1854,9,-0.253,0.238
1854,10,0.119,0.373
1854,11,-0.221,0.422
1854,12,-0.188,0.567
1855,1,-0.016,0.633
1855,2,-0.108,0.414
1855,3,-0.263,0.343
1855,4,-0.077,0.238
1855,5,-0.224,0.247
1855,6,-0.332,0.185
1855,7,-0.367,0.203
1855,8,-0.243,0.195
1855,9,-0.478,0.202
1855,10,-0.305,0.282
1855,11,-0.374,0.258
1855,12,-0.529,0.341
1856,1,0.038,0.334
1856,2,-0.389,0.358
1856,3,-0.409,0.254
1856,4,-0.408,0.211
1856,5,-0.339,0.265
1856,6,-0.124,0.256
1856,7,-0.242,0.204
1856,8,-0.521,0.213
1856,9,-0.719,0.255
1856,10,-0.673,0.243
1856,11,-0.553,0.274
1856,12,-0.409,0.32
1857,1,-0.504,0.36
1857,2,-0.534,0.283
1857,3,-0.625,0.295
1857,4,-0.82,0.212
1857,5,-0.76,0.221
1857,6,-0.558,0.244
1857,7,-0.504,0.176
1857,8,-0.458,0.21
1857,9,-0.489,0.213
1857,10,-0.529,0.216
1857,11,-0.483,0.302
1857,12,-0.208,0.311
1858,1,-0.199,0.436
1858,2,-0.485,0.295
1858,3,-0.306,0.238
1858,4,-0.278,0.254
1858,5,-0.407,0.239
1858,6,-0.259,0.193
1858,7,-0.313,0.195
1858,8,-0.321,0.203
1858,9,-0.485,0.188
1858,10,-0.274,0.2
1858,11,-0.164,0.287
1858,12,-0.469,0.251
1859,1,-0.336,0.319
1859,2,-0.284,0.3
1859,3,-0.228,0.232
1859,4,0.012,0.189
1859,5,0.015,0.206
1859,6,-0.108,0.202
1859,7,-0.306,0.245
1859,8,-0.353,0.201
1859,9,-0.527,0.2
1859,10,-0.237,0.214
1859,11,-0.164,0.242
1859,12,-0.07,0.384
1860,1,-0.315,0.332
1860,2,-0.303,0.264
1860,3,-0.678,0.341
1860,4,-0.268,0.215
1860,5,-0.209,0.214
1860,6,-0.193,0.178
1860,7,-0.255,0.247
1860,8,-0.207,0.222
1860,9,-0.294,0.244
1860,10,-0.343,0.278
1860,11,-0.514,0.224
1860,12,-0.841,0.331
1861,1,-0.982,0.415
1861,2,-0.646,0.346
1861,3,-0.569,0.317
1861,4,-0.417,0.344
1861,5,-0.435,0.263
1861,6,-0.36,0.21
1861,7,-0.313,0.23
1861,8,-0.194,0.212
1861,9,-0.407,0.227
1861,10,-0.46,0.252
1861,11,-0.197,0.229
1861,12,-0.335,0.292
1862,1,-0.903,0.457
1862,2,-0.76,0.307
1862,3,-0.537,0.3
1862,4,-0.551,0.337
1862,5,-0.29,0.192
1862,6,-0.315,0.219
1862,7,-0.34,0.224
1862,8,-0.503,0.226
1862,9,-0.555,0.191
1862,10,-0.463,0.237
1862,11,-0.543,0.355
1862,12,-0.861,0.411
1863,1,-0.117,0.42
1863,2,-0.114,0.39
1863,3,-0.337,0.304
1863,4,-0.257,0.219
1863,5,-0.223,0.2
1863,6,-0.342,0.256
1863,7,-0.368,0.244
1863,8,-0.39,0.236
1863,9,-0.515,0.251
1863,10,-0.489,0.264
1863,11,-0.361,0.297
1863,12,-0.398,0.418
1864,1,-0.547,0.375
1864,2,-0.384,0.405
1864,3,-0.373,0.265
1864,4,-0.415,0.306
1864,5,-0.153,0.23
1864,6,-0.094,0.238
1864,7,-0.18,0.227
1864,8,-0.332,0.254
1864,9,-0.5,0.235
1864,10,-0.346,0.226
1864,11,-0.377,0.285
1864,12,-0.419,0.283
1865,1,0.119,0.336
1865,2,-0.279,0.296
1865,3,-0.411,0.275
1865,4,-0.387,0.302
1865,5,-0.278,0.205
1865,6,-0.26,0.249
1865,7,-0.17,0.238
1865,8,-0.186,0.256
1865,9,-0.217,0.24
1865,10,-0.206,0.235
1865,11,-0.147,0.277
1865,12,-0.453,0.376
1866,1,0.066,0.374
1866,2,-0.326,0.382
1866,3,-0.424,0.331
1866,4,-0.488,0.27
1866,5,-0.332,0.223
1866,6,-0.229,0.201
1866,7,0.135,0.243
1866,8,-0.188,0.242
1866,9,-0.281,0.247
1866,10,-0.223,0.241
1866,11,-0.024,0.239
1866,12,0.12,0.263
1867,1,-0.125,0.343
1867,2,-0.299,0.339
1867,3,-0.265,0.271
1867,4,-0.119,0.24
1867,5,-0.369,0.211
1867,6,-0.172,0.198
1867,7,-0.153,0.236
1867,8,-0.234,0.264
1867,9,-0.121,0.217
1867,10,0.039,0.254
1867,11,0.275,0.278
1867,12,-0.126,0.395
1868,1,-0.475,0.3
1868,2,-0.622,0.333
1868,3,-0.283,0.266
1868,4,-0.104,0.254
1868,5,-0.068,0.239
1868,6,-0.095,0.176
1868,7,0.085,0.215
1868,8,-0.029,0.198
1868,9,-0.233,0.198
1868,10,0.023,0.262
1868,11,-0.301,0.258
1868,12,-0.113,0.371
1869,1,-0.18,0.398
1869,2,0.065,0.316
1869,3,-0.499,0.38
1869,4,-0.24,0.216
1869,5,-0.146,0.212
1869,6,-0.157,0.324
1869,7,-0.2,0.241
1869,8,-0.156,0.269
1869,9,-0.052,0.2
1869,10,-0.189,0.268
1869,11,-0.164,0.238
1869,12,-0.38,0.326
1870,1,-0.273,0.349
1870,2,-0.458,0.449
1870,3,-0.319,0.271
1870,4,-0.248,0.213
1870,5,-0.173,0.207
1870,6,-0.068,0.164
1870,7,-0.064,0.202
1870,8,-0.259,0.185
1870,9,-0.175,0.176
1870,10,-0.303,0.215
1870,11,-0.321,0.382
1870,12,-0.561,0.31
1871,1,-0.542,0.284
1871,2,-0.598,0.316
1871,3,-0.26,0.199
1871,4,-0.064,0.179
1871,5,-0.281,0.2
1871,6,-0.223,0.177
1871,7,-0.155,0.21
1871,8,-0.19,0.193
1871,9,-0.393,0.197
1871,10,-0.244,0.183
1871,11,-0.537,0.226
1871,12,-0.388,0.217
1872,1,-0.45,0.329
1872,2,-0.407,0.284
1872,3,-0.357,0.231
1872,4,-0.37,0.213
1872,5,-0.193,0.199
1872,6,-0.273,0.184
1872,7,-0.12,0.177
1872,8,-0.043,0.201
1872,9,-0.193,0.17
1872,10,-0.207,0.187
1872,11,-0.43,0.205
1872,12,-0.486,0.265
1873,1,-0.312,0.253
1873,2,-0.084,0.228
1873,3,-0.275,0.191
1873,4,-0.466,0.205
1873,5,-0.276,0.196
1873,6,-0.209,0.187
1873,7,-0.168,0.189
1873,8,-0.141,0.18
1873,9,-0.37,0.193
1873,10,-0.24,0.186
1873,11,-0.339,0.203
1873,12,-0.228,0.204
1874,1,-0.215,0.238
1874,2,-0.269,0.214
1874,3,-0.635,0.174
1874,4,-0.361,0.179
1874,5,-0.218,0.249
1874,6,-0.317,0.2
1874,7,-0.256,0.184
1874,8,-0.169,0.202
1874,9,-0.165,0.176
1874,10,-0.313,0.182
1874,11,-0.419,0.207
1874,12,-0.304,0.226
1875,1,-0.462,0.232
1875,2,-0.364,0.228
1875,3,-0.452,0.168
1875,4,-0.38,0.164
1875,5,-0.28,0.176
1875,6,-0.278,0.183
1875,7,-0.216,0.187
1875,8,-0.248,0.21
1875,9,-0.276,0.171
1875,10,-0.186,0.17
1875,11,-0.567,0.208
1875,12,-0.456,0.201
1876,1,-0.378,0.234
1876,2,-0.272,0.194
1876,3,-0.291,0.207
1876,4,-0.274,0.169
1876,5,-0.526,0.174
1876,6,-0.328,0.146
1876,7,-0.155,0.176
1876,8,-0.294,0.207
1876,9,-0.368,0.178
1876,10,-0.267,0.169
1876,11,-0.481,0.171
1876,12,-0.566,0.186
1877,1,-0.185,0.254
1877,2,-0.087,0.187
1877,3,0.058,0.163
1877,4,-0.121,0.178
1877,5,-0.052,0.205
1877,6,-0.056,0.177
1877,7,0.143,0.172
1877,8,0.235,0.186
1877,9,0.156,0.176
1877,10,0.18,0.163
1877,11,0.21,0.21
1877,12,-0.078,0.193
1878,1,-0.005,0.241
1878,2,0.412,0.194
1878,3,0.572,0.166
1878,4,0.302,0.171
1878,5,-0.056,0.176
1878,6,0.111,0.159
1878,7,0.119,0.177
1878,8,0.085,0.205
1878,9,-0.038,0.171
1878,10,-0.079,0.164
1878,11,0.037,0.168
1878,12,-0.117,0.176
1879,1,-0.136,0.211
1879,2,-0.242,0.203
1879,3,-0.061,0.165
1879,4,-0.291,0.163
1879,5,-0.242,0.157
1879,6,-0.196,0.144
1879,7,-0.217,0.169
1879,8,-0.237,0.188
1879,9,-0.3,0.176
1879,10,-0.087,0.163
1879,11,-0.299,0.189
1879,12,-0.511,0.19
1880,1,-0.377,0.256
1880,2,-0.532,0.21
1880,3,-0.308,0.185
1880,4,-0.351,0.165
1880,5,-0.241,0.173
1880,6,-0.308,0.149
1880,7,-0.257,0.175
1880,8,-0.219,0.186
1880,9,-0.381,0.163
1880,10,-0.331,0.159
1880,11,-0.196,0.181
1880,12,-0.215,0.184
1881,1,-0.116,0.22
1881,2,-0.211,0.193
1881,3,-0.077,0.173
1881,4,-0.022,0.157
1881,5,-0.101,0.156
1881,6,-0.352,0.145
1881,7,-0.144,0.162
1881,8,-0.143,0.176
1881,9,-0.296,0.157
1881,10,-0.262,0.149
1881,11,-0.4,0.152
1881,12,-0.213,0.154
1882,1,0.096,0.177
1882,2,0.008,0.169
1882,3,-0.125,0.142
1882,4,-0.291,0.142
1882,5,-0.249,0.155
1882,6,-0.323,0.137
1882,7,-0.341,0.157
1882,8,-0.21,0.182
1882,9,-0.198,0.167
1882,10,-0.35,0.169
1882,11,-0.442,0.149
1882,12,-0.556,0.178
1883,1,-0.409,0.18
1883,2,-0.438,0.18
1883,3,-0.087,0.153
1883,4,-0.31,0.159
1883,5,-0.23,0.154
1883,6,-0.136,0.139
1883,7,-0.263,0.18
1883,8,-0.352,0.176
1883,9,-0.359,0.155
1883,10,-0.283,0.161
1883,11,-0.489,0.146
1883,12,-0.269,0.163
1884,1,-0.242,0.182
1884,2,-0.199,0.175
1884,3,-0.496,0.144
1884,4,-0.554,0.144
1884,5,-0.579,0.144
1884,6,-0.521,0.145
1884,7,-0.545,0.167
1884,8,-0.479,0.175
1884,9,-0.543,0.161
1884,10,-0.463,0.146
1884,11,-0.605,0.158
1884,12,-0.444,0.154
1885,1,-0.681,0.18
1885,2,-0.474,0.173
1885,3,-0.352,0.151
1885,4,-0.507,0.145
1885,5,-0.557,0.149
1885,6,-0.564,0.151
1885,7,-0.337,0.176
1885,8,-0.434,0.179
1885,9,-0.445,0.154
1885,10,-0.33,0.16
1885,11,-0.396,0.155
1885,12,-0.161,0.19
1886,1,-0.637,0.166
1886,2,-0.648,0.138
1886,3,-0.535,0.124
1886,4,-0.384,0.13
1886,5,-0.324,0.14
1886,6,-0.455,0.145
1886,7,-0.278,0.153
1886,8,-0.443,0.174
1886,9,-0.506,0.155
1886,10,-0.467,0.144
1886,11,-0.558,0.158
1886,12,-0.344,0.151
1887,1,-0.953,0.182
1887,2,-0.713,0.153
1887,3,-0.482,0.134
1887,4,-0.382,0.139
1887,5,-0.466,0.145
1887,6,-0.488,0.149
1887,7,-0.341,0.168
1887,8,-0.539,0.175
1887,9,-0.4,0.152
1887,10,-0.417,0.157
1887,11,-0.406,0.14
1887,12,-0.409,0.143
1888,1,-0.358,0.155
1888,2,-0.523,0.153
1888,3,-0.445,0.13
1888,4,-0.376,0.137
1888,5,-0.345,0.161
1888,6,-0.314,0.137
1888,7,-0.236,0.17
1888,8,-0.271,0.165
1888,9,-0.295,0.158
1888,10,-0.084,0.157
1888,11,-0.158,0.158
1888,12,-0.115,0.157
1889,1,-0.12,0.155
1889,2,0.23,0.148
1889,3,0.047,0.134
1889,4,0.072,0.149
1889,5,-0.148,0.154
1889,6,-0.193,0.14
1889,7,-0.148,0.173
1889,8,-0.28,0.178
1889,9,-0.365,0.156
1889,10,-0.302,0.158
1889,11,-0.494,0.155
1889,12,-0.332,0.157
1890,1,-0.455,0.141
1890,2,-0.437,0.147
1890,3,-0.562,0.127
1890,4,-0.407,0.139
1890,5,-0.493,0.149
1890,6,-0.471,0.136
1890,7,-0.431,0.17
1890,8,-0.466,0.172
1890,9,-0.467,0.148
1890,10,-0.3,0.142
1890,11,-0.678,0.157
1890,12,-0.379,0.169
1891,1,-0.49,0.173
1891,2,-0.6,0.152
1891,3,-0.228,0.136
1891,4,-0.356,0.154
1891,5,-0.262,0.151
1891,6,-0.36,0.158
1891,7,-0.323,0.166
1891,8,-0.28,0.169
1891,9,-0.264,0.151
1891,10,-0.34,0.137
1891,11,-0.5,0.142
1891,12,-0.11,0.138
1892,1,-0.28,0.148
1892,2,-0.179,0.129
1892,3,-0.433,0.141
1892,4,-0.475,0.136
1892,5,-0.392,0.151
1892,6,-0.279,0.169
1892,7,-0.453,0.163
1892,8,-0.438,0.171
1892,9,-0.4,0.147
1892,10,-0.268,0.14
1892,11,-0.757,0.133
1892,12,-0.501,0.148
1893,1,-0.902,0.142
1893,2,-0.622,0.137
1893,3,-0.288,0.129
1893,4,-0.358,0.133
1893,5,-0.387,0.156
1893,6,-0.3,0.153
1893,7,-0.167,0.164
1893,8,-0.267,0.171
1893,9,-0.352,0.143
1893,10,-0.227,0.128
1893,11,-0.335,0.128
1893,12,-0.404,0.149
1894,1,-0.542,0.14
1894,2,-0.427,0.146
1894,3,-0.329,0.119
1894,4,-0.515,0.14
1894,5,-0.391,0.146
1894,6,-0.456,0.155
1894,7,-0.268,0.171
1894,8,-0.268,0.168
1894,9,-0.34,0.146
1894,10,-0.223,0.149
1894,11,-0.411,0.147
1894,12,-0.313,0.135
1895,1,-0.455,0.144
1895,2,-0.45,0.129
1895,3,-0.411,0.121
1895,4,-0.277,0.135
1895,5,-0.323,0.157
1895,6,-0.28,0.143
1895,7,-0.209,0.18
1895,8,-0.291,0.169
1895,9,-0.332,0.153
1895,10,-0.217,0.146
1895,11,-0.191,0.136
1895,12,-0.179,0.13
1896,1,-0.216,0.133
1896,2,-0.266,0.122
1896,3,-0.451,0.134
1896,4,-0.443,0.142
1896,5,-0.276,0.153
1896,6,-0.141,0.152
1896,7,-0.104,0.165
1896,8,-0.1,0.178
1896,9,-0.182,0.159
1896,10,-0.037,0.138
1896,11,-0.269,0.136
1896,12,-0.088,0.126
1897,1,-0.167,0.128
1897,2,-0.271,0.13
1897,3,-0.283,0.124
1897,4,-0.057,0.134
1897,5,-0.014,0.15
1897,6,-0.168,0.158
1897,7,-0.186,0.175
1897,8,-0.206,0.181
1897,9,-0.248,0.152
1897,10,-0.201,0.143
1897,11,-0.318,0.163
1897,12,-0.24,0.127
1898,1,-0.16,0.156
1898,2,-0.494,0.127
1898,3,-0.623,0.126
1898,4,-0.399,0.146
1898,5,-0.427,0.143
1898,6,-0.233,0.132
1898,7,-0.346,0.164
1898,8,-0.365,0.179
1898,9,-0.401,0.147
1898,10,-0.479,0.132
1898,11,-0.549,0.127
1898,12,-0.397,0.138
1899,1,-0.205,0.133
1899,2,-0.481,0.125
1899,3,-0.426,0.123
1899,4,-0.208,0.142
1899,5,-0.21,0.146
1899,6,-0.372,0.139
1899,7,-0.273,0.171
1899,8,-0.165,0.182
1899,9,-0.115,0.147
1899,10,-0.081,0.134
1899,11,0.012,0.122
1899,12,-0.267,0.124
1900,1,-0.41,0.135
1900,2,-0.006,0.136
1900,3,0.046,0.114
1900,4,-0.116,0.134
1900,5,-0.073,0.14
1900,6,-0.154,0.142
1900,7,-0.185,0.161
1900,8,-0.175,0.174
1900,9,-0.139,0.155
1900,10,0.04,0.134
1900,11,-0.211,0.123
1900,12,-0.119,0.126
1901,1,-0.276,0.125
1901,2,-0.081,0.14
1901,3,-0.014,0.117
1901,4,-0.036,0.133
1901,5,-0.17,0.145
1901,6,-0.234,0.132
1901,7,-0.267,0.163
1901,8,-0.198,0.168
1901,9,-0.287,0.146
1901,10,-0.289,0.131
1901,11,-0.298,0.128
1901,12,-0.242,0.13
1902,1,-0.278,0.122
1902,2,-0.072,0.114
1902,3,-0.386,0.112
1902,4,-0.325,0.126
1902,5,-0.388,0.14
1902,6,-0.359,0.142
1902,7,-0.319,0.167
1902,8,-0.354,0.173
1902,9,-0.381,0.155
1902,10,-0.424,0.133
1902,11,-0.558,0.126
1902,12,-0.502,0.123
1903,1,-0.254,0.127
1903,2,-0.156,0.123
1903,3,-0.3,0.119
1903,4,-0.499,0.138
1903,5,-0.469,0.15
1903,6,-0.558,0.142
1903,7,-0.47,0.168
1903,8,-0.57,0.173
1903,9,-0.625,0.143
1903,10,-0.562,0.125
1903,11,-0.558,0.12
1903,12,-0.52,0.127
1904,1,-0.655,0.126
1904,2,-0.665,0.129
1904,3,-0.502,0.113
1904,4,-0.547,0.134
1904,5,-0.553,0.144
1904,6,-0.523,0.133
1904,7,-0.545,0.164
1904,8,-0.515,0.176
1904,9,-0.617,0.144
1904,10,-0.496,0.144
1904,11,-0.282,0.115
1904,12,-0.331,0.117
1905,1,-0.34,0.125
1905,2,-0.612,0.116
1905,3,-0.309,0.112
1905,4,-0.376,0.128
1905,5,-0.302,0.138
1905,6,-0.338,0.134
1905,7,-0.365,0.169
1905,8,-0.284,0.167
1905,9,-0.351,0.146
1905,10,-0.312,0.134
1905,11,-0.187,0.113
1905,12,-0.267,0.114
1906,1,-0.338,0.121
1906,2,-0.321,0.116
1906,3,-0.116,0.122
1906,4,-0.036,0.131
1906,5,-0.289,0.142
1906,6,-0.257,0.143
1906,7,-0.335,0.163
1906,8,-0.281,0.173
1906,9,-0.34,0.144
1906,10,-0.178,0.139
1906,11,-0.395,0.137
1906,12,-0.145,0.144
1907,1,-0.406,0.113
1907,2,-0.551,0.12
1907,3,-0.277,0.115
1907,4,-0.344,0.124
1907,5,-0.518,0.142
1907,6,-0.481,0.129
1907,7,-0.422,0.161
1907,8,-0.431,0.169
1907,9,-0.409,0.14
1907,10,-0.234,0.133
1907,11,-0.543,0.126
1907,12,-0.454,0.111
1908,1,-0.412,0.124
1908,2,-0.27,0.13
1908,3,-0.591,0.116
1908,4,-0.479,0.129
1908,5,-0.299,0.152
1908,6,-0.332,0.124
1908,7,-0.362,0.162
1908,8,-0.484,0.164
1908,9,-0.369,0.137
1908,10,-0.479,0.119
1908,11,-0.664,0.11
1908,12,-0.56,0.108
1909,1,-0.766,0.129
1909,2,-0.482,0.121
1909,3,-0.568,0.109
1909,4,-0.559,0.123
1909,5,-0.521,0.131
1909,6,-0.491,0.124
1909,7,-0.52,0.161
1909,8,-0.354,0.162
1909,9,-0.482,0.136
1909,10,-0.454,0.121
1909,11,-0.414,0.121
1909,12,-0.484,0.122
1910,1,-0.379,0.103
1910,2,-0.464,0.112
1910,3,-0.533,0.111
1910,4,-0.439,0.128
1910,5,-0.356,0.133
1910,6,-0.42,0.131
1910,7,-0.425,0.159
1910,8,-0.411,0.163
1910,9,-0.437,0.132
1910,10,-0.391,0.116
1910,11,-0.625,0.117
1910,12,-0.729,0.122
1911,1,-0.67,0.106
1911,2,-0.638,0.101
1911,3,-0.611,0.103
1911,4,-0.495,0.118
1911,5,-0.533,0.134
1911,6,-0.501,0.122
1911,7,-0.49,0.156
1911,8,-0.472,0.159
1911,9,-0.495,0.138
1911,10,-0.256,0.112
1911,11,-0.315,0.107
1911,12,-0.268,0.11
1912,1,-0.222,0.104
1912,2,-0.213,0.11
1912,3,-0.434,0.102
1912,4,-0.168,0.118
1912,5,-0.25,0.131
1912,6,-0.224,0.116
1912,7,-0.516,0.155
1912,8,-0.589,0.165
1912,9,-0.667,0.138
1912,10,-0.646,0.113
1912,11,-0.491,0.107
1912,12,-0.493,0.106
1913,1,-0.528,0.113
1913,2,-0.495,0.104
1913,3,-0.448,0.094
1913,4,-0.345,0.117
1913,5,-0.415,0.132
1913,6,-0.483,0.138
1913,7,-0.429,0.176
1913,8,-0.357,0.173
1913,9,-0.42,0.138
1913,10,-0.354,0.114
1913,11,-0.303,0.109
1913,12,0,0.101
1914,1,0.002,0.102
1914,2,-0.241,0.106
1914,3,-0.331,0.104
1914,4,-0.315,0.118
1914,5,-0.215,0.141
1914,6,-0.239,0.121
1914,7,-0.304,0.157
1914,8,-0.216,0.164
1914,9,-0.27,0.143
1914,10,-0.021,0.122
1914,11,-0.18,0.112
1914,12,-0.026,0.116
1915,1,-0.23,0.111
1915,2,-0.124,0.111
1915,3,-0.022,0.108
1915,4,0.086,0.12
1915,5,0.008,0.138
1915,6,-0.199,0.126
1915,7,-0.211,0.168
1915,8,-0.127,0.171
1915,9,-0.22,0.137
1915,10,-0.293,0.114
1915,11,-0.131,0.112
1915,12,-0.263,0.111
1916,1,-0.176,0.108
1916,2,-0.169,0.112
1916,3,-0.269,0.106
1916,4,-0.332,0.119
1916,5,-0.337,0.138
1916,6,-0.392,0.129
1916,7,-0.364,0.167
1916,8,-0.368,0.167
1916,9,-0.405,0.142
1916,10,-0.394,0.124
1916,11,-0.521,0.123
1916,12,-0.797,0.114
1917,1,-0.665,0.119
1917,2,-0.658,0.116
1917,3,-0.681,0.127
1917,4,-0.523,0.125
1917,5,-0.587,0.141
1917,6,-0.506,0.133
1917,7,-0.304,0.172
1917,8,-0.329,0.171
1917,9,-0.378,0.146
1917,10,-0.509,0.128
1917,11,-0.48,0.117
1917,12,-0.725,0.119
1918,1,-0.518,0.121
1918,2,-0.511,0.113
1918,3,-0.41,0.115
1918,4,-0.511,0.124
1918,5,-0.479,0.135
1918,6,-0.385,0.126
1918,7,-0.369,0.168
1918,8,-0.4,0.167
1918,9,-0.221,0.139
1918,10,-0.038,0.125
1918,11,-0.198,0.118
1918,12,-0.28,0.128
1919,1,-0.193,0.129
1919,2,-0.217,0.118
1919,3,-0.266,0.108
1919,4,-0.106,0.124
1919,5,-0.235,0.142
1919,6,-0.331,0.129
1919,7,-0.329,0.167
1919,8,-0.29,0.178
1919,9,-0.36,0.146
1919,10,-0.281,0.123
1919,11,-0.556,0.116
1919,12,-0.4,0.114
1920,1,-0.162,0.113
1920,2,-0.323,0.129
1920,3,-0.085,0.105
1920,4,-0.17,0.126
1920,5,-0.241,0.143
1920,6,-0.258,0.126
1920,7,-0.268,0.163
1920,8,-0.25,0.167
1920,9,-0.214,0.136
1920,10,-0.143,0.121
1920,11,-0.277,0.111
1920,12,-0.472,0.113
1921,1,-0.109,0.109
1921,2,-0.191,0.109
1921,3,-0.285,0.113
1921,4,-0.269,0.127
1921,5,-0.302,0.138
1921,6,-0.148,0.138
1921,7,-0.149,0.16
1921,8,-0.281,0.166
1921,9,-0.17,0.136
1921,10,-0.04,0.123
1921,11,-0.129,0.112
1921,12,-0.102,0.113
1922,1,-0.273,0.113
1922,2,-0.392,0.106
1922,3,-0.124,0.102
1922,4,-0.112,0.122
1922,5,-0.361,0.136
1922,6,-0.265,0.122
1922,7,-0.227,0.158
1922,8,-0.367,0.161
1922,9,-0.372,0.138
1922,10,-0.349,0.117
1922,11,-0.247,0.108
1922,12,-0.154,0.104
1923,1,-0.282,0.104
1923,2,-0.392,0.1
1923,3,-0.362,0.119
1923,4,-0.276,0.123
1923,5,-0.286,0.137
1923,6,-0.22,0.126
1923,7,-0.374,0.161
1923,8,-0.325,0.166
1923,9,-0.347,0.14
1923,10,-0.034,0.121
1923,11,0.04,0.111
1923,12,0.029,0.119
1924,1,-0.246,0.118
1924,2,-0.234,0.117
1924,3,-0.049,0.1
1924,4,-0.254,0.123
1924,5,-0.149,0.133
1924,6,-0.231,0.125
1924,7,-0.255,0.16
1924,8,-0.312,0.167
1924,9,-0.334,0.147
1924,10,-0.32,0.128
1924,11,-0.207,0.115
1924,12,-0.334,0.115
1925,1,-0.406,0.116
1925,2,-0.449,0.11
1925,3,-0.253,0.103
1925,4,-0.233,0.126
1925,5,-0.166,0.143
1925,6,-0.27,0.13
1925,7,-0.289,0.16
1925,8,-0.161,0.165
1925,9,-0.214,0.139
1925,10,-0.148,0.119
1925,11,-0.018,0.108
1925,12,0.176,0.115
1926,1,0.238,0.106
1926,2,-0.004,0.098
1926,3,0.134,0.1
1926,4,-0.073,0.128
1926,5,-0.195,0.14
1926,6,-0.202,0.127
1926,7,-0.229,0.161
1926,8,-0.118,0.17
1926,9,-0.113,0.144
1926,10,0.019,0.119
1926,11,-0.048,0.11
1926,12,-0.21,0.109
1927,1,-0.236,0.107
1927,2,-0.167,0.098
1927,3,-0.377,0.107
1927,4,-0.242,0.122
1927,5,-0.174,0.134
1927,6,-0.264,0.123
1927,7,-0.205,0.157
1927,8,-0.178,0.163
1927,9,-0.121,0.135
1927,10,0.067,0.115
1927,11,-0.058,0.111
1927,12,-0.252,0.108
1928,1,0.115,0.105
1928,2,-0.018,0.107
1928,3,-0.2,0.105
1928,4,-0.186,0.125
1928,5,-0.293,0.135
1928,6,-0.379,0.125
1928,7,-0.202,0.159
1928,8,-0.233,0.162
1928,9,-0.266,0.132
1928,10,-0.143,0.114
1928,11,-0.134,0.111
1928,12,-0.142,0.106
1929,1,-0.405,0.11
1929,2,-0.524,0.107
1929,3,-0.39,0.104
1929,4,-0.364,0.122
1929,5,-0.425,0.13
1929,6,-0.429,0.123
1929,7,-0.441,0.158
1929,8,-0.292,0.165
1929,9,-0.266,0.136
1929,10,-0.129,0.114
1929,11,-0.138,0.107
1929,12,-0.487,0.109
1930,1,-0.214,0.103
1930,2,-0.272,0.108
1930,3,-0.102,0.103
1930,4,-0.19,0.125
1930,5,-0.21,0.133
1930,6,-0.233,0.132
1930,7,-0.146,0.157
1930,8,-0.119,0.166
1930,9,-0.129,0.137
1930,10,-0.058,0.12
1930,11,0.13,0.113
1930,12,0.003,0.116
1931,1,-0.092,0.102
1931,2,-0.212,0.106
1931,3,-0.073,0.099
1931,4,-0.154,0.129
1931,5,-0.188,0.138
1931,6,-0.054,0.121
1931,7,-0.012,0.158
1931,8,-0.01,0.166
1931,9,-0.049,0.138
1931,10,0.086,0.117
1931,11,-0.032,0.112
1931,12,0.012,0.105
1932,1,0.117,0.102
1932,2,-0.164,0.099
1932,3,-0.094,0.101
1932,4,0.054,0.119
1932,5,-0.061,0.135
1932,6,-0.221,0.126
1932,7,-0.175,0.159
1932,8,-0.202,0.167
1932,9,-0.011,0.136
1932,10,-0.037,0.114
1932,11,-0.304,0.119
1932,12,-0.172,0.106
1933,1,-0.24,0.112
1933,2,-0.269,0.1
1933,3,-0.305,0.097
1933,4,-0.269,0.124
1933,5,-0.298,0.131
1933,6,-0.383,0.123
1933,7,-0.282,0.159
1933,8,-0.2,0.168
1933,9,-0.35,0.138
1933,10,-0.228,0.114
1933,11,-0.371,0.114
1933,12,-0.404,0.107
1934,1,-0.25,0.11
1934,2,-0.082,0.105
1934,3,-0.367,0.105
1934,4,-0.33,0.121
1934,5,-0.145,0.131
1934,6,-0.165,0.123
1934,7,-0.15,0.162
1934,8,-0.147,0.164
1934,9,-0.187,0.135
1934,10,-0.039,0.116
1934,11,0.058,0.105
1934,12,-0.03,0.108
1935,1,-0.358,0.102
1935,2,0.078,0.105
1935,3,-0.152,0.105
1935,4,-0.314,0.119
1935,5,-0.335,0.132
1935,6,-0.226,0.126
1935,7,-0.204,0.164
1935,8,-0.22,0.164
1935,9,-0.238,0.136
1935,10,-0.038,0.119
1935,11,-0.387,0.115
1935,12,-0.183,0.113
1936,1,-0.3,0.098
1936,2,-0.334,0.095
1936,3,-0.307,0.102
1936,4,-0.173,0.117
1936,5,-0.166,0.136
1936,6,-0.158,0.122
1936,7,-0.078,0.154
1936,8,-0.118,0.159
1936,9,-0.128,0.134
1936,10,0.044,0.117
1936,11,-0.07,0.113
1936,12,0.039,0.109
1937,1,-0.051,0.097
1937,2,0.078,0.098
1937,3,-0.143,0.102
1937,4,-0.087,0.116
1937,5,-0.037,0.131
1937,6,0.017,0.122
1937,7,0.019,0.16
1937,8,0.041,0.16
1937,9,0.12,0.134
1937,10,0.149,0.111
1937,11,0.083,0.104
1937,12,-0.012,0.104
1938,1,0.088,0.102
1938,2,0.083,0.096
1938,3,0.088,0.093
1938,4,0.064,0.12
1938,5,-0.092,0.133
1938,6,-0.132,0.121
1938,7,-0.071,0.156
1938,8,-0.02,0.16
1938,9,0.045,0.134
1938,10,0.218,0.117
1938,11,0.071,0.109
1938,12,-0.105,0.101
1939,1,-0.027,0.096
1939,2,-0.084,0.097
1939,3,-0.197,0.098
1939,4,-0.003,0.117
1939,5,0.078,0.131
1939,6,0.019,0.123
1939,7,-0.044,0.158
1939,8,-0.04,0.167
1939,9,-0.037,0.143
1939,10,-0.067,0.13
1939,11,-0.055,0.122
1939,12,0.435,0.12
1940,1,0.074,0.105
1940,2,0.115,0.11
1940,3,0.084,0.111
1940,4,0.137,0.132
1940,5,0.042,0.143
1940,6,0.023,0.136
1940,7,0.127,0.169
1940,8,0.062,0.171
1940,9,0.074,0.146
1940,10,0.055,0.133
1940,11,-0.05,0.131
1940,12,0.222,0.119
1941,1,-0.001,0.197
1941,2,0.134,0.2
1941,3,-0.054,0.2
1941,4,-0.017,0.213
1941,5,0.023,0.218
1941,6,0.053,0.208
1941,7,0.121,0.229
1941,8,-0.012,0.234
1941,9,-0.204,0.218
1941,10,0.223,0.208
1941,11,-0.02,0.211
1941,12,0.202,0.204
1942,1,0.351,0.202
1942,2,0.01,0.201
1942,3,0.086,0.202
1942,4,0.017,0.209
1942,5,0.08,0.219
1942,6,0.038,0.208
1942,7,-0.026,0.228
1942,8,-0.073,0.238
1942,9,-0.072,0.219
1942,10,0.024,0.211
1942,11,0.014,0.206
1942,12,0.114,0.205
1943,1,-0.038,0.204
1943,2,0.128,0.202
1943,3,-0.039,0.205
1943,4,0.138,0.212
1943,5,0.088,0.218
1943,6,-0.028,0.21
1943,7,0.08,0.23
1943,8,0.107,0.229
1943,9,0.024,0.211
1943,10,0.313,0.206
1943,11,0.161,0.206
1943,12,0.272,0.206
1944,1,0.389,0.2
1944,2,0.247,0.202
1944,3,0.262,0.201
1944,4,0.177,0.208
1944,5,0.173,0.214
1944,6,0.114,0.21
1944,7,0.179,0.226
1944,8,0.227,0.232
1944,9,0.189,0.213
1944,10,0.287,0.208
1944,11,0.074,0.207
1944,12,0.135,0.208
1945,1,0.112,0.204
1945,2,-0.012,0.205
1945,3,0.088,0.203
1945,4,0.227,0.21
1945,5,0.018,0.216
1945,6,0.007,0.213
1945,7,-0.009,0.233
1945,8,0.227,0.237
1945,9,0.105,0.214
1945,10,0.222,0.204
1945,11,0.01,0.197
1945,12,-0.056,0.198
1946,1,0.06,0.153
1946,2,-0.044,0.146
1946,3,0.036,0.145
1946,4,0.08,0.154
1946,5,-0.058,0.164
1946,6,-0.197,0.153
1946,7,-0.074,0.18
1946,8,-0.166,0.188
1946,9,-0.128,0.166
1946,10,-0.009,0.155
1946,11,-0.067,0.144
1946,12,-0.248,0.14
1947,1,0.007,0.139
1947,2,0.028,0.132
1947,3,0.132,0.134
1947,4,0.084,0.15
1947,5,-0.05,0.161
1947,6,-0.055,0.152
1947,7,-0.048,0.18
1947,8,-0.115,0.182
1947,9,-0.11,0.162
1947,10,0.125,0.148
1947,11,0.071,0.144
1947,12,-0.055,0.139
1948,1,0.082,0.133
1948,2,-0.161,0.132
1948,3,-0.214,0.133
1948,4,-0.084,0.147
1948,5,0.051,0.152
1948,6,0.031,0.145
1948,7,-0.107,0.167
1948,8,-0.059,0.168
1948,9,-0.153,0.146
1948,10,-0.027,0.139
1948,11,-0.19,0.14
1948,12,-0.29,0.131
1949,1,0.09,0.118
1949,2,-0.194,0.12
1949,3,-0.075,0.113
1949,4,-0.093,0.129
1949,5,-0.079,0.138
1949,6,-0.246,0.131
1949,7,-0.175,0.157
1949,8,-0.108,0.16
1949,9,-0.163,0.137
1949,10,-0.021,0.119
1949,11,-0.131,0.11
1949,12,-0.053,0.109
1950,1,-0.228,0.101
1950,2,-0.336,0.1
1950,3,-0.111,0.101
1950,4,-0.197,0.114
1950,5,-0.067,0.12
1950,6,-0.021,0.113
1950,7,-0.025,0.134
1950,8,-0.167,0.124
1950,9,-0.192,0.114
1950,10,-0.163,0.106
1950,11,-0.334,0.089
1950,12,-0.177,0.094
1951,1,-0.327,0.084
1951,2,-0.401,0.084
1951,3,-0.139,0.085
1951,4,-0.017,0.096
1951,5,0.126,0.105
1951,6,0.103,0.095
1951,7,0.056,0.117
1951,8,0.185,0.13
1951,9,0.098,0.109
1951,10,0.212,0.094
1951,11,0.013,0.093
1951,12,0.203,0.085
1952,1,0.189,0.084
1952,2,0.157,0.087
1952,3,-0.065,0.091
1952,4,0.099,0.113
1952,5,0.068,0.128
1952,6,0.092,0.116
1952,7,0.116,0.149
1952,8,0.116,0.149
1952,9,0.124,0.123
1952,10,0.074,0.105
1952,11,-0.091,0.102
1952,12,0.095,0.101
1953,1,0.095,0.09
1953,2,0.191,0.093
1953,3,0.1,0.098
1953,4,0.318,0.114
1953,5,0.254,0.129
1953,6,0.248,0.122
1953,7,0.128,0.148
1953,8,0.146,0.151
1953,9,0.117,0.124
1953,10,0.118,0.105
1953,11,-0.006,0.099
1953,12,0.14,0.097
1954,1,-0.206,0.09
1954,2,-0.061,0.093
1954,3,-0.088,0.094
1954,4,0.008,0.108
1954,5,-0.02,0.112
1954,6,-0.042,0.105
1954,7,-0.119,0.125
1954,8,-0.073,0.127
1954,9,-0.068,0.108
1954,10,0.104,0.095
1954,11,0.167,0.093
1954,12,-0.057,0.088
1955,1,0.214,0.085
1955,2,-0.133,0.088
1955,3,-0.264,0.08
1955,4,-0.127,0.096
1955,5,-0.18,0.106
1955,6,-0.059,0.095
1955,7,-0.105,0.113
1955,8,0.127,0.113
1955,9,-0.158,0.095
1955,10,0.012,0.084
1955,11,-0.241,0.078
1955,12,-0.232,0.079
1956,1,-0.07,0.075
1956,2,-0.152,0.071
1956,3,-0.22,0.073
1956,4,-0.22,0.076
1956,5,-0.263,0.09
1956,6,-0.139,0.083
1956,7,-0.107,0.084
1956,8,-0.298,0.085
1956,9,-0.218,0.077
1956,10,-0.271,0.077
1956,11,-0.168,0.069
1956,12,0.006,0.071
1957,1,-0.119,0.072
1957,2,-0.044,0.068
1957,3,-0.091,0.068
1957,4,0.048,0.07
1957,5,0.132,0.074
1957,6,0.192,0.082
1957,7,-0.029,0.111
1957,8,0.144,0.072
1957,9,0.082,0.095
1957,10,0.105,0.086
1957,11,0.06,0.072
1957,12,0.153,0.071
1958,1,0.357,0.07
1958,2,0.189,0.071
1958,3,0.115,0.066
1958,4,0.03,0.072
1958,5,0.072,0.072
1958,6,-0.071,0.069
1958,7,-0.019,0.089
1958,8,-0.073,0.071
1958,9,-0.107,0.074
1958,10,0.055,0.07
1958,11,0.056,0.076
1958,12,0.088,0.084
1959,1,0.11,0.068
1959,2,0.038,0.064
1959,3,0.139,0.083
1959,4,0.198,0.07
1959,5,0.101,0.073
1959,6,0.084,0.071
1959,7,0.029,0.078
1959,8,0,0.074
1959,9,-0.099,0.071
1959,10,-0.008,0.073
1959,11,-0.131,0.081
1959,12,0.023,0.074
1960,1,-0.007,0.058
1960,2,0.104,0.072
1960,3,-0.336,0.06
1960,4,-0.139,0.063
1960,5,-0.058,0.078
1960,6,-0.008,0.073
1960,7,-0.052,0.07
1960,8,0.087,0.068
1960,9,0.07,0.067
1960,10,0.074,0.065
1960,11,-0.165,0.072
1960,12,0.226,0.058
1961,1,0.057,0.067
1961,2,0.171,0.049
1961,3,0.043,0.059
1961,4,0.156,0.062
1961,5,0.173,0.067
1961,6,0.125,0.077
1961,7,0.013,0.062
1961,8,0.016,0.075
1961,9,0.042,0.062
1961,10,0.001,0.069
1961,11,0.024,0.049
1961,12,-0.118,0.051
1962,1,0.061,0.062
1962,2,0.113,0.048
1962,3,0.129,0.052
1962,4,0.052,0.056
1962,5,-0.115,0.057
1962,6,0.009,0.066
1962,7,-0.073,0.058
1962,8,-0.065,0.054
1962,9,-0.086,0.079
1962,10,-0.031,0.075
1962,11,0.006,0.055
1962,12,0.005,0.052
1963,1,0,0.055
1963,2,0.119,0.045
1963,3,-0.223,0.046
1963,4,-0.062,0.067
1963,5,-0.088,0.059
1963,6,-0.025,0.052
1963,7,0.066,0.08
1963,8,0.256,0.08
1963,9,0.183,0.094
1963,10,0.143,0.056
1963,11,0.108,0.055
1963,12,0.035,0.052
1964,1,-0.084,0.066
1964,2,-0.129,0.05
1964,3,-0.295,0.055
1964,4,-0.335,0.065
1964,5,-0.278,0.051
1964,6,-0.044,0.053
1964,7,-0.095,0.054
1964,8,-0.283,0.144
1964,9,-0.339,0.06
1964,10,-0.286,0.054
1964,11,-0.256,0.053
1964,12,-0.238,0.048
1965,1,-0.036,0.049
1965,2,-0.17,0.047
1965,3,-0.179,0.051
1965,4,-0.183,0.049
1965,5,-0.078,0.101
1965,6,-0.098,0.097
1965,7,-0.155,0.112
1965,8,-0.06,0.054
1965,9,-0.197,0.059
1965,10,-0.01,0.058
1965,11,-0.065,0.072
1965,12,-0.006,0.054
1966,1,-0.155,0.049
1966,2,-0.043,0.051
1966,3,-0.058,0.063
1966,4,-0.015,0.052
1966,5,-0.096,0.058
1966,6,0.002,0.073
1966,7,0.097,0.071
1966,8,-0.039,0.057
1966,9,0.008,0.054
1966,10,-0.155,0.058
1966,11,-0.031,0.047
1966,12,-0.007,0.056
1967,1,-0.091,0.047
1967,2,-0.23,0.058
1967,3,0.045,0.045
1967,4,0.011,0.05
1967,5,0.212,0.06
1967,6,-0.004,0.058
1967,7,0.025,0.063
1967,8,0.001,0.068
1967,9,-0.031,0.052
1967,10,0.051,0.045
1967,11,-0.102,0.045
1967,12,-0.013,0.038
1968,1,-0.201,0.043
1968,2,-0.155,0.049
1968,3,0.109,0.051
1968,4,-0.042,0.062
1968,5,-0.119,0.057
1968,6,-0.072,0.045
1968,7,-0.183,0.055
1968,8,-0.116,0.049
1968,9,-0.22,0.056
1968,10,0.085,0.077
1968,11,-0.085,0.043
1968,12,-0.055,0.041
1969,1,-0.039,0.049
1969,2,-0.115,0.044
1969,3,-0.036,0.073
1969,4,0.177,0.048
1969,5,0.233,0.046
1969,6,0.116,0.065
1969,7,-0.085,0.044
1969,8,0.002,0.048
1969,9,0.039,0.047
1969,10,0.081,0.054
1969,11,0.076,0.046
1969,12,0.287,0.047
1970,1,0.142,0.034
1970,2,0.165,0.034
1970,3,0.025,0.046
1970,4,0.072,0.055
1970,5,0.005,0.039
1970,6,-0.041,0.038
1970,7,-0.032,0.039
1970,8,-0.097,0.042
1970,9,0.09,0.042
1970,10,0.025,0.048
1970,11,-0.07,0.048
1970,12,-0.112,0.036
1971,1,-0.056,0.035
1971,2,-0.208,0.043
1971,3,-0.232,0.043
1971,4,-0.073,0.039
1971,5,-0.068,0.049
1971,6,-0.129,0.05
1971,7,-0.108,0.044
1971,8,-0.079,0.056
1971,9,-0.045,0.064
1971,10,-0.058,0.039
1971,11,-0.09,0.036
1971,12,-0.121,0.045
1972,1,-0.262,0.041
1972,2,-0.206,0.04
1972,3,-0.005,0.054
1972,4,0.017,0.043
1972,5,0.055,0.042
1972,6,0.043,0.052
1972,7,-0.032,0.057
1972,8,0.177,0.057
1972,9,0.022,0.066
1972,10,0.02,0.065
1972,11,-0.005,0.035
1972,12,0.236,0.032
1973,1,0.247,0.035
1973,2,0.263,0.038
1973,3,0.193,0.039
1973,4,0.307,0.053
1973,5,0.266,0.038
1973,6,0.177,0.04
1973,7,0.056,0.059
1973,8,0.052,0.083
1973,9,0.037,0.051
1973,10,0.084,0.05
1973,11,0.021,0.04
1973,12,0.004,0.037
1974,1,-0.155,0.058
1974,2,-0.301,0.041
1974,3,-0.122,0.053
1974,4,-0.061,0.057
1974,5,-0.024,0.045
1974,6,-0.002,0.04
1974,7,-0.046,0.051
1974,8,0.181,0.06
1974,9,-0.037,0.064
1974,10,-0.039,0.046
1974,11,-0.076,0.041
1974,12,-0.069,0.048
1975,1,0.053,0.039
1975,2,0.13,0.04
1975,3,0.147,0.039
1975,4,0.112,0.044
1975,5,0.21,0.038
1975,6,0.037,0.068
1975,7,-0.046,0.066
1975,8,-0.188,0.078
1975,9,-0.031,0.046
1975,10,-0.069,0.042
1975,11,-0.221,0.04
1975,12,-0.105,0.041
1976,1,-0.036,0.044
1976,2,-0.104,0.051
1976,3,-0.234,0.037
1976,4,-0.057,0.048
1976,5,-0.253,0.051
1976,6,-0.176,0.054
1976,7,-0.059,0.12
1976,8,-0.147,0.11
1976,9,-0.028,0.046
1976,10,-0.192,0.052
1976,11,-0.027,0.049
1976,12,0.166,0.048
1977,1,0.316,0.049
1977,2,0.239,0.045
1977,3,0.192,0.039
1977,4,0.313,0.043
1977,5,0.393,0.053
1977,6,0.356,0.045
1977,7,0.227,0.044
1977,8,0.284,0.057
1977,9,0.089,0.045
1977,10,0.116,0.049
1977,11,0.188,0.039
1977,12,0.097,0.061
1978,1,0.139,0.04
1978,2,0.196,0.038
1978,3,0.195,0.036
1978,4,0.226,0.043
1978,5,0.18,0.045
1978,6,0.03,0.04
1978,7,0.091,0.062
1978,8,-0.179,0.043
1978,9,0.119,0.05
1978,10,0.003,0.047
1978,11,0.156,0.047
1978,12,0.149,0.073
1979,1,0.18,0.051
1979,2,-0.069,0.037
1979,3,0.191,0.036
1979,4,0.243,0.035
1979,5,0.081,0.034
1979,6,0.098,0.044
1979,7,0.03,0.043
1979,8,0.169,0.041
1979,9,0.277,0.039
1979,10,0.246,0.036
1979,11,0.263,0.032
1979,12,0.501,0.044
1980,1,0.378,0.054
1980,2,0.466,0.042
1980,3,0.37,0.033
1980,4,0.426,0.036
1980,5,0.389,0.04
1980,6,0.217,0.047
1980,7,0.303,0.051
1980,8,0.267,0.067
1980,9,0.202,0.041
1980,10,0.161,0.04
1980,11,0.263,0.041
1980,12,0.232,0.042
1981,1,0.575,0.04
1981,2,0.42,0.033
1981,3,0.45,0.034
1981,4,0.329,0.037
1981,5,0.28,0.041
1981,6,0.371,0.06
1981,7,0.378,0.05
1981,8,0.424,0.057
1981,9,0.218,0.043
1981,10,0.144,0.056
1981,11,0.199,0.037
1981,12,0.489,0.046
1982,1,0.13,0.055
1982,2,0.156,0.039
1982,3,-0.012,0.039
1982,4,0.108,0.054
1982,5,0.197,0.059
1982,6,0.109,0.051
1982,7,0.133,0.056
1982,8,0.078,0.048
1982,9,0.138,0.051
1982,10,0.127,0.046
1982,11,0.093,0.059
1982,12,0.434,0.049
1983,1,0.487,0.038
1983,2,0.443,0.034
1983,3,0.367,0.037
1983,4,0.349,0.042
1983,5,0.386,0.049
1983,6,0.234,0.047
1983,7,0.167,0.048
1983,8,0.359,0.051
1983,9,0.408,0.058
1983,10,0.162,0.054
1983,11,0.26,0.059
1983,12,0.232,0.045
1984,1,0.287,0.036
1984,2,0.14,0.039
1984,3,0.288,0.039
1984,4,0.175,0.059
1984,5,0.386,0.044
1984,6,0.093,0.073
1984,7,0.045,0.067
1984,8,0.151,0.043
1984,9,0.219,0.04
1984,10,0.107,0.05
1984,11,-0.017,0.048
1984,12,-0.031,0.037
1985,1,0.286,0.04
1985,2,0.039,0.042
1985,3,0.176,0.039
1985,4,0.174,0.043
1985,5,0.212,0.037
1985,6,0.179,0.078
1985,7,-0.02,0.056
1985,8,0.198,0.061
1985,9,0.148,0.047
1985,10,0.133,0.051
1985,11,0.066,0.05
1985,12,0.213,0.049
1986,1,0.239,0.053
1986,2,0.426,0.042
1986,3,0.262,0.033
1986,4,0.328,0.036
1986,5,0.284,0.038
1986,6,0.116,0.043
1986,7,0.1,0.044
1986,8,0.182,0.036
1986,9,0.096,0.05
1986,10,0.159,0.04
1986,11,0.082,0.046
1986,12,0.186,0.041
1987,1,0.347,0.043
1987,2,0.399,0.033
1987,3,0.222,0.036
1987,4,0.299,0.041
1987,5,0.323,0.034
1987,6,0.385,0.034
1987,7,0.435,0.042
1987,8,0.322,0.046
1987,9,0.35,0.052
1987,10,0.323,0.05
1987,11,0.205,0.036
1987,12,0.517,0.039
1988,1,0.559,0.04
1988,2,0.429,0.037
1988,3,0.466,0.036
1988,4,0.506,0.04
1988,5,0.457,0.046
1988,6,0.445,0.041
1988,7,0.328,0.045
1988,8,0.418,0.043
1988,9,0.391,0.043
1988,10,0.32,0.065
1988,11,0.058,0.04
1988,12,0.297,0.043
1989,1,0.075,0.036
1989,2,0.355,0.036
1989,3,0.301,0.037
1989,4,0.343,0.05
1989,5,0.129,0.046
1989,6,0.155,0.046
1989,7,0.326,0.057
1989,8,0.335,0.054
1989,9,0.349,0.038
1989,10,0.333,0.043
1989,11,0.14,0.041
1989,12,0.454,0.046
1990,1,0.421,0.042
1990,2,0.393,0.042
1990,3,0.74,0.036
1990,4,0.652,0.034
1990,5,0.553,0.034
1990,6,0.406,0.039
1990,7,0.462,0.048
1990,8,0.345,0.042
1990,9,0.313,0.061
1990,10,0.438,0.047
1990,11,0.39,0.056
1990,12,0.43,0.05
1991,1,0.443,0.056
1991,2,0.522,0.038
1991,3,0.383,0.039
1991,4,0.604,0.038
1991,5,0.448,0.043
1991,6,0.544,0.041
1991,7,0.511,0.043
1991,8,0.445,0.045
1991,9,0.45,0.041
1991,10,0.348,0.048
1991,11,0.297,0.045
1991,12,0.394,0.042
1992,1,0.501,0.046
1992,2,0.445,0.042
1992,3,0.465,0.069
1992,4,0.342,0.077
1992,5,0.345,0.061
1992,6,0.281,0.046
1992,7,0.119,0.061
1992,8,0.11,0.054
1992,9,-0.033,0.058
1992,10,0.051,0.081
1992,11,0.004,0.045
1992,12,0.26,0.049
1993,1,0.403,0.067
1993,2,0.43,0.039
1993,3,0.382,0.04
1993,4,0.368,0.038
1993,5,0.355,0.046
1993,6,0.309,0.042
1993,7,0.275,0.051
1993,8,0.201,0.05
1993,9,0.201,0.056
1993,10,0.287,0.053
1993,11,0.115,0.036
1993,12,0.241,0.045
1994,1,0.304,0.05
1994,2,0.105,0.041
1994,3,0.37,0.039
1994,4,0.455,0.039
1994,5,0.362,0.039
1994,6,0.443,0.047
1994,7,0.284,0.058
1994,8,0.241,0.042
1994,9,0.341,0.044
1994,10,0.446,0.059
1994,11,0.421,0.046
1994,12,0.395,0.047
1995,1,0.53,0.044
1995,2,0.775,0.038
1995,3,0.477,0.038
1995,4,0.586,0.037
1995,5,0.388,0.036
1995,6,0.503,0.05
1995,7,0.534,0.042
1995,8,0.536,0.043
1995,9,0.407,0.053
1995,10,0.51,0.045
1995,11,0.461,0.044
1995,12,0.343,0.039
1996,1,0.333,0.043
1996,2,0.582,0.035
1996,3,0.446,0.039
1996,4,0.463,0.031
1996,5,0.33,0.038
1996,6,0.276,0.033
1996,7,0.361,0.042
1996,8,0.524,0.038
1996,9,0.29,0.056
1996,10,0.204,0.051
1996,11,0.42,0.045
1996,12,0.48,0.047
1997,1,0.37,0.047
1997,2,0.425,0.035
1997,3,0.554,0.04
1997,4,0.501,0.037
1997,5,0.448,0.038
1997,6,0.619,0.046
1997,7,0.398,0.046
1997,8,0.455,0.052
1997,9,0.569,0.044
1997,10,0.695,0.046
1997,11,0.7,0.038
1997,12,0.662,0.038
1998,1,0.655,0.04
1998,2,0.885,0.04
1998,3,0.681,0.035
1998,4,0.814,0.039
1998,5,0.773,0.04
1998,6,0.79,0.055
1998,7,0.72,0.049
1998,8,0.753,0.039
1998,9,0.501,0.045
1998,10,0.486,0.057
1998,11,0.48,0.038
1998,12,0.66,0.042
1999,1,0.506,0.043
1999,2,0.69,0.039
1999,3,0.386,0.035
1999,4,0.418,0.037
1999,5,0.354,0.041
1999,6,0.44,0.055
1999,7,0.391,0.046
1999,8,0.366,0.037
1999,9,0.467,0.046
1999,10,0.394,0.053
1999,11,0.388,0.042
1999,12,0.489,0.038
2000,1,0.334,0.047
2000,2,0.596,0.038
2000,3,0.568,0.035
2000,4,0.644,0.039
2000,5,0.42,0.04
2000,6,0.446,0.039
2000,7,0.385,0.045
2000,8,0.483,0.038
2000,9,0.459,0.052
2000,10,0.276,0.054
2000,11,0.335,0.039
2000,12,0.354,0.038
2001,1,0.516,0.039
2001,2,0.499,0.042
2001,3,0.608,0.039
2001,4,0.617,0.036
2001,5,0.608,0.036
2001,6,0.564,0.05
2001,7,0.572,0.046
2001,8,0.485,0.039
2001,9,0.553,0.051
2001,10,0.504,0.044
2001,11,0.708,0.036
2001,12,0.676,0.036
2002,1,0.773,0.039
2002,2,0.727,0.037
2002,3,0.939,0.043
2002,4,0.691,0.034
2002,5,0.697,0.032
2002,6,0.57,0.039
2002,7,0.599,0.042
2002,8,0.569,0.045
2002,9,0.687,0.039
2002,10,0.612,0.054
2002,11,0.581,0.037
2002,12,0.576,0.045
2003,1,0.805,0.041
2003,2,0.612,0.037
2003,3,0.593,0.04
2003,4,0.64,0.039
2003,5,0.669,0.036
2003,6,0.496,0.036
2003,7,0.559,0.055
2003,8,0.662,0.043
2003,9,0.69,0.047
2003,10,0.744,0.055
2003,11,0.535,0.045
2003,12,0.794,0.04
2004,1,0.65,0.041
2004,2,0.733,0.037
2004,3,0.638,0.039
2004,4,0.705,0.034
2004,5,0.433,0.032
2004,6,0.44,0.039
2004,7,0.25,0.036
2004,8,0.472,0.042
2004,9,0.551,0.034
2004,10,0.631,0.039
2004,11,0.699,0.045
2004,12,0.554,0.052
2005,1,0.792,0.044
2005,2,0.683,0.038
2005,3,0.784,0.037
2005,4,0.768,0.037
2005,5,0.706,0.042
2005,6,0.698,0.042
2005,7,0.607,0.041
2005,8,0.642,0.035
2005,9,0.748,0.045
2005,10,0.821,0.041
2005,11,0.724,0.047
2005,12,0.772,0.045
2006,1,0.644,0.048
2006,2,0.828,0.039
2006,3,0.699,0.031
2006,4,0.618,0.034
2006,5,0.563,0.04
2006,6,0.677,0.042
2006,7,0.47,0.042
2006,8,0.742,0.052
2006,9,0.646,0.047
2006,10,0.705,0.039
2006,11,0.704,0.044
2006,12,0.843,0.047
2007,1,0.991,0.037
2007,2,0.768,0.036
2007,3,0.697,0.032
2007,4,0.878,0.038
2007,5,0.719,0.031
2007,6,0.617,0.033
2007,7,0.641,0.052
2007,8,0.638,0.036
2007,9,0.61,0.043
2007,10,0.637,0.048
2007,11,0.593,0.043
2007,12,0.518,0.038
2008,1,0.31,0.039
2008,2,0.367,0.036
2008,3,0.687,0.034
2008,4,0.605,0.036
2008,5,0.573,0.037
2008,6,0.515,0.058
2008,7,0.576,0.038
2008,8,0.488,0.039
2008,9,0.684,0.043
2008,10,0.713,0.041
2008,11,0.67,0.047
2008,12,0.598,0.04
2009,1,0.713,0.038
2009,2,0.592,0.034
2009,3,0.523,0.035
2009,4,0.659,0.056
2009,5,0.672,0.046
2009,6,0.698,0.041
2009,7,0.783,0.04
2009,8,0.744,0.039
2009,9,0.745,0.041
2009,10,0.721,0.04
2009,11,0.784,0.042
2009,12,0.784,0.036
2010,1,0.829,0.046
2010,2,0.911,0.038
2010,3,0.932,0.034
2010,4,0.987,0.044
2010,5,0.817,0.042
2010,6,0.694,0.047
2010,7,0.606,0.05
2010,8,0.695,0.043
2010,9,0.682,0.043
2010,10,0.745,0.047
2010,11,0.776,0.033
2010,12,0.571,0.043
2011,1,0.61,0.04
2011,2,0.573,0.041
2011,3,0.7,0.034
2011,4,0.722,0.037
2011,5,0.589,0.044
2011,6,0.678,0.035
2011,7,0.779,0.038
2011,8,0.811,0.044
2011,9,0.597,0.046
2011,10,0.668,0.044
2011,11,0.562,0.038
2011,12,0.641,0.048
2012,1,0.478,0.046
2012,2,0.527,0.039
2012,3,0.521,0.04
2012,4,0.777,0.032
2012,5,0.822,0.045
2012,6,0.696,0.046
2012,7,0.563,0.037
2012,8,0.743,0.051
2012,9,0.778,0.044
2012,10,0.848,0.048
2012,11,0.806,0.042
2012,12,0.61,0.048
2013,1,0.738,0.056
2013,2,0.608,0.043
2013,3,0.681,0.04
2013,4,0.641,0.035
2013,5,0.677,0.033
2013,6,0.678,0.041
2013,7,0.581,0.043
2013,8,0.723,0.038
2013,9,0.792,0.039
2013,10,0.699,0.04
2013,11,0.836,0.047
2013,12,0.738,0.044
2014,1,0.787,0.051
2014,2,0.58,0.042
2014,3,0.782,0.051
2014,4,0.86,0.042
2014,5,0.899,0.039
2014,6,0.679,0.044
2014,7,0.577,0.041
2014,8,0.885,0.062
2014,9,0.907,0.045
2014,10,0.85,0.035
2014,11,0.629,0.048
2014,12,0.814,0.043
2015,1,0.859,0.048
2015,2,0.89,0.037
2015,3,0.907,0.037
2015,4,0.86,0.045
2015,5,0.863,0.036
2015,6,0.823,0.04
2015,7,0.73,0.04
2015,8,0.863,0.048
2015,9,0.886,0.038
2015,10,1.087,0.05
2015,11,1.02,0.036
2015,12,1.186,0.039
2016,1,1.247,0.045
2016,2,1.326,0.04
2016,3,1.32,0.038
2016,4,1.178,0.041
2016,5,1.047,0.042
2016,6,0.831,0.035
2016,7,0.833,0.038
2016,8,1.032,0.044
2016,9,0.917,0.039
2016,10,0.955,0.039
2016,11,0.957,0.042
2016,12,0.972,0.034
2017,1,1.087,0.042
2017,2,1.172,0.042
2017,3,1.214,0.04
2017,4,1.044,0.035
2017,5,0.982,0.04
2017,6,0.724,0.04
2017,7,0.808,0.045
2017,8,0.893,0.046
2017,9,0.777,0.041
2017,10,0.917,0.035
2017,11,0.852,0.039
2017,12,0.994,0.043
2018,1,0.873,0.044
2018,2,0.916,0.035
2018,3,0.921,0.034
2018,4,0.987,0.034
2018,5,0.845,0.068
2018,6,0.798,0.058
2018,7,0.804,0.036
2018,8,0.821,0.056
2018,9,0.8,0.048
2018,10,1.002,0.054
2018,11,0.815,0.039
2018,12,0.974,0.038
2019,1,0.946,0.044
2019,2,0.98,0.037
2019,3,1.211,0.038
2019,4,1.111,0.039
2019,5,0.924,0.041
2019,6,0.877,0.043
2019,7,0.943,0.039
2019,8,0.991,0.05
2019,9,0.937,0.056
2019,10,1.103,0.051
2019,11,1.001,0.051
2019,12,1.153,0.052
2020,1,1.192,0.058
2020,2,1.216,0.039
2020,3,1.169,0.032
2020,4,1.226,0.046
2020,5,1.038,0.04
2020,6,0.912,0.043
2020,7,0.923,0.037
2020,8,0.946,0.05
2020,9,0.999,0.052
2020,10,0.92,0.052
2020,11,1.081,0.076
2020,12,0.859,0.055
2021,1,0.886,0.05
2021,2,0.691,0.041
2021,3,0.862,0.039
2021,4,0.88,0.045
2021,5,0.863,0.038
2021,6,0.836,0.039
2021,7,0.902,0.045
2021,8,0.896,0.046
2021,9,0.981,0.042
2021,10,1.05,0.039
2021,11,0.925,0.048
2021,12,0.885,0.05
2022,1,0.937,0.048
2022,2,0.877,0.041
2022,3,1.071,0.037
2022,4,0.932,0.04
2022,5,0.888,0.035
2022,6,0.961,0.041
2022,7,0.921,0.056
2022,8,0.971,0.054
2022,9,0.9,0.044
2022,10,1.058,0.055
